Number of Tasks,11,11,11,
MostDuplicatedBacktracking-Hybrid,166.40000000002328,101.11999999999534,256.39999999990687,
